METRIC,VALUE
ROC_AUC,0.7528202270340011
PR_AUC,0.24242740695599102
PRECISION,0.1840212040893601
RECALL,0.6037267080745342
F1_SCORE,0.2820661636680209
BALANCED_ACCURACY,0.6846801022700023
THRESHOLD,0.5399999999999998
TN,7040.0
FP,2155.0
FN,319.0
TP,486.0
