MODEL,ROC_AUC,PR_AUC
Logistic Regression,0.7453691751188027,0.2240434792626524
Selected XGBoost,0.7528202270340011,0.24242740695599102
