MODEL,ROC_AUC,PR_AUC
Baseline XGBoost,0.7513372697827269,0.24768135848884368
Tuned XGBoost,0.7528094275514305,0.24786546615869864
