DATASET,ROC_AUC,PR_AUC
Validation,0.752809,0.247865
Test,0.7528202270340011,0.24242740695599102
